name,description,photo_url,diseases,images
Acore vrai,"Plante médicinale à l’effet stomachique avec une action efficace contre les brûlures d’estomac, se présente souvent sous forme de tisanes (infusions).",https://creapharma.ch/wp-content/uploads/2015/04/calami-rhizome.jpg,"Acidité gastrique , Brûlure d’estomac , Gastro-entérite , Mal de ventre ",https://upload.wikimedia.org/wikipedia/commons/7/75/Acorus_calamus_-_K%C3%B6hler%E2%80%93s_Medizinal-Pflanzen-006.jpg
Boldo,"Plante médicinale utilisée principalement pour son effet spasmolytique lors de troubles digestifs, se présente souvent sous forme de tisane, en goutte ou en gélule.",https://creapharma.ch/wp-content/uploads/2015/04/boldo-215x200.gif,"Acidité gastrique , Brûlure d’estomac , Gastro-entérite , Mal de ventre ",https://es.wikipedia.org/wiki/Peumus_boldus#/media/File:Peumus_boldus_-_K%C3%B6hler%E2%80%93s_Medizinal-Pflanzen-104.jpg
Camomille vraie,Plante médicinale utilisée en usage interne contre les spasmes et les problèmes digestifs surtout sous forme de tisane et en usage externe comme désinfectant et cicatrisant.,https://creapharma.ch/wp-content/uploads/2015/04/camomille-vraie-163x200.jpg,"Acidité gastrique , Allergie , Angine (pharyngite) , Brûlure d’estomac , Eczéma , Gastro-entérite , Gorge (mal de) , Hémorroïdes , Insomnie (troubles du sommeil) , Laryngite , Mal de gorge , Nervosité (stress) , Peau-sèche , Pharyngite (angine) , Rhume des foins , Sommeil (troubles du sommeil, insomnie) , Stress ",https://upload.wikimedia.org/wikipedia/commons/e/ef/Matricaria_recutita_g3.jpg
Chélidoine,"Plante médicinale utilisée en usage interne contre les problèmes digestifs comme les spasmes et en usage externe contre les verrues.
Attention, n’utiliser pour son usage interne (prise orale) que des remèdes certifiés par les autorités sanitaires.",https://creapharma.ch/wp-content/uploads/2015/04/chelidoine-une.jpg,"Acidité gastrique , Brûlure d’estomac , Verrues ",https://upload.wikimedia.org/wikipedia/commons/thumb/d/dc/Chelidonium_majus20100511_10.jpg/1200px-Chelidonium_majus20100511_10.jpg
Chou,Plante médicinale calmante utilisée principalement en usage externe lors de rhumatisme sous forme de cataplasme.,https://creapharma.ch/wp-content/uploads/2015/04/chou-plante.jpg,"Acidité gastrique , Brûlure d’estomac , Hyperthyroïdie ",https://upload.wikimedia.org/wikipedia/commons/8/83/Choux_02.jpg
Cumin,"Plante médicinale utilisée lors de problèmes digestifs comme les flatulences, se présente en général sous forme de tisane (infusion).",https://creapharma.ch/wp-content/uploads/2015/04/cumin-graines.jpg,"Acidité gastrique , Brûlure d’estomac , Flatulence , Gastro-entérite , Indigestion ",https://de.wikipedia.org/wiki/Kreuzk%C3%BCmmel#/media/File:Cuminum_cyminum_-_K%C3%B6hler%E2%80%93s_Medizinal-Pflanzen-198.jpg
Mélisse,Plante médicinale et aromatique utilisée en usage interne comme sédatif et digestif et en usage externe pour soigner l’herpès labial ou en friction contre des douleurs rhumatismales.,https://creapharma.ch/wp-content/uploads/2015/05/melisse-plantes-medicinale.jpg,"Acidité gastrique , Anxiété , Brûlure d’estomac , Cystite interstitielle , Gastro-entérite , Insectes (piqûres d’) , Insomnie (troubles du sommeil) , Mal de ventre , Ménopause , Moustiques (piqûres de) , Nervosité (stress) , Piqûre d’insectes (insectes) , Piqûres de moustiques , Sommeil (troubles du sommeil, insomnie) , Stress , Syncope , Syndrome du côlon irritable ",https://upload.wikimedia.org/wikipedia/commons/thumb/e/e6/Melissa_officinalis_-_K%C3%B6hler%E2%80%93s_Medizinal-Pflanzen-094.jpg/297px-Melissa_officinalis_-_K%C3%B6hler%E2%80%93s_Medizinal-Pflanzen-094.jpg
Menthe,"Plante médicinale à vertu digestive et aromatique, se présente principalement sous forme de tisane (infusion).",,"Acidité gastrique , Brûlure d’estomac , Gastro-entérite , Insectes (piqûres d’) , Mauvaise haleine , Migraine , Piqûre d’insectes (insectes) , Règles douloureuses (dysménorrhée) , Syndrome du côlon irritable ",https://upload.wikimedia.org/wikipedia/commons/9/99/Field_of_Mentha_x_piperita_02.jpg
Millefeuille,"Plante médicinale utilisée en usage interne contre l’anorexie (effet amer) et lors de problèmes digestifs avec des spasmes, en usage externe contre les inflammations. Le millefeuille se présente souvent sous forme de tisane.",,"Acidité gastrique , Brûlure d’estomac , Gastro-entérite , Hépatites , Indigestion , Mal de ventre , Règles douloureuses (dysménorrhée) ",https://upload.wikimedia.org/wikipedia/commons/7/7f/Achillea_macrophylla_flowers.jpg
Réglisse,"Plante médicinale expectorante utilisée principalement lors de toux ou de catarrhes, se présente en général sous forme de tisane (infusion), en racine à sucer ou en bonbons.",https://creapharma.ch/wp-content/uploads/2015/05/reglisse-pm.jpg,"Acidité gastrique , Angine (pharyngite) , Aphtes , Brûlure d’estomac , Enrouement , Gorge (mal de) , Laryngite , Mal de gorge , Pharyngite (angine) , Reflux gastro-œsophagien , Toux ",https://upload.wikimedia.org/wikipedia/commons/thumb/a/a4/Glycyrrhiza_glabra_-_K%C3%B6hler%E2%80%93s_Medizinal-Pflanzen-207.jpg/220px-Glycyrrhiza_glabra_-_K%C3%B6hler%E2%80%93s_Medizinal-Pflanzen-207.jpg
Arbre à thé,"Plante médicinale utilisée principalement sous forme d’huile essentielle, indiquée surtout lors de mycoses des pieds grâce à un fort effet antifongique. On l’utilise souvent sous forme d’huile essentielle.",https://creapharma.ch/wp-content/uploads/2015/04/arbre-a-the-134x200.jpg,"Acné , Aphtes , Candidose vaginale , Hémorroïdes , Impétigo , Mycoses des ongles (onychomycose) , Mycoses des pieds (pieds d’athlète) , Mycoses vaginales , Onychomycose (mycose des ongles) , Pellicules , Pied d’athlète (mycose des pieds) , Poux de tête ",https://upload.wikimedia.org/wikipedia/commons/9/9f/Ti-tree_sprig2.jpg
Argan,Plante (médicinale) qui s’utilise principalement sous forme d’huile pour diverses usages cosmétiques et dermatologiques.,https://creapharma.ch/wp-content/uploads/2015/04/argane.jpg,Acné ,https://upload.wikimedia.org/wikipedia/commons/6/60/Argania_spinosa_Fruit.jpg
Bardane,Plante médicinale utilisée en usage interne contre l’acné et les furoncles et en usage externe pour soigner l’eczéma.,https://creapharma.ch/wp-content/uploads/2015/04/bardane-plante-medicinale.jpg,Acné ,https://upload.wikimedia.org/wikipedia/commons/a/a7/Arctium_lappa.jpg
Coco,"Plante médicinale utilisée principalement en cas de surpoids ou d’obésité, en tant que mesure complémentaire. Néanmoins, aucune étude sérieuse n’a véritablement montré l’efficacité de l’huile de coco dans la perte de poids. L’huile se présente en général sous forme de gélule ou en directement sous forme d’huile de coco.",https://creapharma.ch/wp-content/uploads/2015/05/cocoyer.jpg,Acné ,https://upload.wikimedia.org/wikipedia/commons/3/32/Cocos_nucifera_-_K%C3%B6hler%E2%80%93s_Medizinal-Pflanzen-187.jpg
Onagre,"Plante médicinale utile pour soigner et apaiser le syndrome prémenstruel ainsi que divers problèmes de peau, se présente souvent sous forme de gélule ou de crème.",https://creapharma.ch/wp-content/uploads/2015/05/onagre-plante-jardin-pm.jpg,"Acné , Eczéma , Peau-sèche , Règles douloureuses (dysménorrhée) , Syndrome prémenstruel ",https://upload.wikimedia.org/wikipedia/commons/7/7d/Onagre.JPG
Pissenlit,"Plante médicinale diurétique et dépurative favorisant la digestion, se présente par exemple sous forme de tisane ou de décoction.",https://creapharma.ch/wp-content/uploads/2015/04/pissenlit-fleurs.jpg,Acné ,https://upload.wikimedia.org/wikipedia/commons/b/b2/Taraxacum_officinale_-_K%C3%B6hler%E2%80%93s_Medizinal-Pflanzen-135.jpg
Cyprès,"Plante médicinale (arbre) avec des propriétés vasoconstrictrices, utilisée surtout contre les hémorroïdes, se présente souvent sous forme d’huile essentielle ou en décoction",https://creapharma.ch/wp-content/uploads/2015/04/cypres-commun_202_177.jpg,Allergie ,https://upload.wikimedia.org/wikipedia/commons/thumb/b/b1/Med_Cypress.jpg/220px-Med_Cypress.jpg
Hysope,"Plante médicinale avec des effets expectorant et fluidifiant, utilisée surtout en cas de bronchite, se présente souvent sous forme de tisane ou de sirop.",https://creapharma.ch/wp-content/uploads/2015/05/hysope.jpg,"Allergie , Bronchite , Calculs urinaires , Lithiase urinaire (calculs urinaires) ",https://upload.wikimedia.org/wikipedia/commons/9/91/Hyssopus_officinalis_005.JPG
Ortie,"Plante médicinale utilisée en usage interne comme diurétique, en usage externe comme astringent ou produit cosmétique, se présente souvent sous forme de tisane ou en solution.",https://creapharma.ch/wp-content/uploads/2015/05/ortie-def.jpg,"Allergie , Calculs urinaires , Chute des cheveux (f) , Cystite , Hyperplasie bénigne prostate , Infections urinaires , Lithiase urinaire (calculs urinaires) ",https://upload.wikimedia.org/wikipedia/commons/6/63/Urtica_dioica_feuille2.jpg
Pétasite,"Plante médicinale ayant des effets antiallergique et spasmolytique, utilisée respectivement lors de rhume des foins ou de maux de ventre. En vente principalement sous forme de médicaments prêts à l’emploi.",https://www.creapharma.ch/wp-content/uploads/2015/05/petasites-hybridus-Fotolia_105435213_XS.jpg,"Allergie , Mal de tête , Mal de ventre , Nervosité (stress) , Rhume des foins , Stress ",https://upload.wikimedia.org/wikipedia/commons/thumb/3/3f/Petasites_hybridus_plants.jpg/1200px-Petasites_hybridus_plants.jpg
Aloé,"Plante médicinale anti-inflammatoire et désinfectante utilisée lors de plaies ou de brûlures, se présente souvent sous forme de gel ou de pommade.",https://creapharma.ch/wp-content/uploads/2015/04/aloe-plante-medicinale2-161x200.jpg,"Allergie au soleil , Ampoules (cloques) , Peau-sèche ",https://upload.wikimedia.org/wikipedia/commons/thumb/b/b5/Aloe_Vera.jpg/1200px-Aloe_Vera.jpg
Carotte,Plante (médicinale) et/ou légume riche en béta-carotène permettant une certaine protection face aux coups de soleil Utilisée également pour augmenter le bronzage de la peau et lors de diarrhée.,,"Allergie au soleil , Coup de soleil , Reflux gastro-œsophagien ",https://upload.wikimedia.org/wikipedia/commons/thumb/2/23/Daucus_carota_May_2008-1_edit.jpg/1200px-Daucus_carota_May_2008-1_edit.jpg
Café,"Plante médicinale utilisée en médecine comme stimulant, accélérateur de l’absorption d’autres molécules (augmentation de la rapidité de l’effet, par ex. avec le paracétamol) et contre les maux de tête et migraines entre autres.",https://creapharma.ch/wp-content/uploads/2015/04/cafe-graines.jpg,"Alzheimer , Arrêter de fumer & tabagisme , Asthme (mesure complémentaire) , Diabète type 2 , Dysfonction érectile , Érection , Fatigue , Goutte , Impuissance (dysfonction érectile) , Maladie d’alzheimer , Migraine , Troubles-érectiles ",https://upload.wikimedia.org/wikipedia/commons/thumb/6/64/Coffea_canephora_at_Aanakkulam.jpg/1200px-Coffea_canephora_at_Aanakkulam.jpg
Ginkgo,"Plante médicinale sensée améliorer les performances du cerveau comme la mémorisation et la vascularisation, mais plusieurs études se sont montrées critiques par rapport à son efficacité. Le ginkgo se présente souvent sous forme de gélules ou comprimés standardisés.",https://creapharma.ch/wp-content/uploads/2015/05/gingko_pm.jpg,"Alzheimer , Dysfonction érectile , Érection , Maladie d’alzheimer , Syncope ",https://upload.wikimedia.org/wikipedia/commons/thumb/8/82/Gingko_flowers.jpg/800px-Gingko_flowers.jpg
Angélique,"Plante médicinale avec un effet antispasmodique et tonique, utilisée par exemple en cas de spasmes digestifs et de fatigue, se présente souvent sous forme de tisane ou en liqueur.",https://creapharma.ch/wp-content/uploads/2015/04/angelique-une.jpg,"Aménorrhée , Ballonnements (flatulences) , Dysménorrhée , Fatigue , Flatulence , Règles douloureuses (dysménorrhée) ",https://upload.wikimedia.org/wikipedia/commons/8/85/Coulon-Ang%C3%A9lique.jpg
Gattilier,Plante médicinale utilisée contre les dysménorrhées (menstruations douloureuses) se présente souvent sous forme de gélule ou en extrait.,https://creapharma.ch/wp-content/uploads/2015/05/gatillier-plante-pm.jpg,"Aménorrhée , Dysménorrhée , Endométriose , Règles douloureuses (dysménorrhée) , Syndrome prémenstruel ",https://upload.wikimedia.org/wikipedia/commons/9/9c/Vitex_agnus-castus_003.JPG
Calendula (souci),"Plante médicinale utilisée comme cicatrisant et anti-inflammatoire principalement contre les coups et les blessures, se présente en général sous forme de pommade.
Attention, ne pas appliquer une pommade à base de calendula sur une plaie ouverte (plaie qui saigne).",https://creapharma.ch/wp-content/uploads/2015/04/soucis_des_jardins-213x200.gif,Ampoules (cloques) ,https://upload.wikimedia.org/wikipedia/commons/a/a9/Calendula_officinalis_yellow_brown.jpg
Lavande,"Plante médicinale utilisée en usage interne pour traiter l’anxiété ou la nervosité et en usage externe pour désinfecter des plaies légères, se présente souvent sous forme de capsule ou en liquide.",https://creapharma.ch/wp-content/uploads/2015/05/lavande-une21.gif,"Ampoules (cloques) , Anxiété , Crevasses , Insectes (piqûres d’) , Insomnie (troubles du sommeil) , Mal des transports (cinétose) , Moustiques (piqûres de) , Mycoses des pieds (pieds d’athlète) , Nervosité (stress) , Pied d’athlète (mycose des pieds) , Piqûre d’insectes (insectes) , Piqûres de moustiques , Poux de tête , Sommeil (troubles du sommeil, insomnie) , Stress ",https://upload.wikimedia.org/wikipedia/commons/3/36/Lavande_off_FR_2012.jpg
Acérola,"Plante médicinale originaire d’Amérique du Sud, très riche en vitamine C, qui exerce un effet préventif et curatif lors de maladies infectieuses. Se présente souvent sous forme de comprimé, comprimé à sucer ou en solution buvable.",,Anémie ,https://upload.wikimedia.org/wikipedia/commons/thumb/3/31/Malpighia_glabra_blossom_and_fruit.jpg/1200px-Malpighia_glabra_blossom_and_fruit.jpg
Ginseng,"Plante médicinale avec un effet stimulant utilisée notamment comme tonique en cas de fatigue, se présente souvent sous forme de comprimés ou en gélules.",https://creapharma.ch/wp-content/uploads/2015/05/ginseng-pm.jpg,"Anémie , Diabète type 2 , Dysfonction érectile , Érection , Fatigue , Hoquet , Impuissance (dysfonction érectile) , Nervosité (stress) , Parkinson , Stress , Troubles-érectiles ",https://upload.wikimedia.org/wikipedia/commons/b/b8/Panax_quinquefolius.jpg
Guarana,"Plante médicinale riche en caféine, favorisant ainsi la vigilance et l’éveil, se présente en général sous forme de boisson ou de gélule.",https://creapharma.ch/wp-content/uploads/2015/05/guarana-pm.jpg,"Anémie , Fatigue ",https://upload.wikimedia.org/wikipedia/commons/b/b9/Guaran%C3%A1_06.jpg
Éleuthérocoque,"Plante médicinale qui améliore les capacités physiques et psychiques utilisée en particulier en cas de stress, se présente souvent sous forme de gélule ou d’extrait standardisé.",https://creapharma.ch/wp-content/uploads/2015/04/eleutherocoque-Vladimir-Galanov_pm.jpg,"Anémie , Fatigue , Nervosité (stress) , Stress ",https://upload.wikimedia.org/wikipedia/commons/thumb/a/ae/Eleutherococcus_gracilistylus_BotGardBln1105_LeavesFallFruits.JPG/1200px-Eleutherococcus_gracilistylus_BotGardBln1105_LeavesFallFruits.JPG
Maté,"Plante médicinale et boisson utilisée comme stimulant, diurétique et amaigrissant, se présente souvent sous forme de tisane ou en gélules (capsules). Il s’agit d’une véritable boisson nationale dans certains pays d’Amérique du sud.",https://creapharma.ch/wp-content/uploads/2015/05/mate-grand.jpg,"Anémie , Cholestérol , Diabète type 2 , Fatigue , Surpoids & obésité ",https://upload.wikimedia.org/wikipedia/commons/2/28/Ilex_paraguariensis_-_K%C3%B6hler%E2%80%93s_Medizinal-Pflanzen-074.jpg
Orpin rose,"Plante médicinale qui améliore les capacités physiques et psychiques utilisée en particulier en cas de stress, se présente souvent sous forme de gélules ou d’extrait standardisé.",https://creapharma.ch/wp-content/uploads/2015/05/rhodiola-pm.jpg,Anémie ,https://upload.wikimedia.org/wikipedia/commons/e/ef/Rhodiola_rosea_a2.jpg
Rodiole,"Plante médicinale qui améliore les capacités physiques et psychiques utilisée en particulier en cas de stress, se présente souvent sous forme de gélules ou d’extrait standardisé.",https://creapharma.ch/wp-content/uploads/2015/05/rhodiola-pm.jpg,Anémie ,https://upload.wikimedia.org/wikipedia/commons/e/ef/Rhodiola_rosea_a2.jpg
Théier,"Plante médicinale et boisson utilisée principalement comme stimulant lors de fatigue, se présente souvent sous forme de thé (infusion).",https://creapharma.ch/wp-content/uploads/2015/05/the-plante1.jpg,Anémie ,https://upload.wikimedia.org/wikipedia/commons/a/a5/Camellia_sinensis_Bois_Cheri.jpg
Cassis,"Plante médicinale utilisée en feuille séchée lors de troubles rhumatismaux et en baies lors de maux de gorge, se présente souvent sous forme de capsule ou en bonbons.",https://creapharma.ch/wp-content/uploads/2015/04/cassis-plante_crope.jpg,"Angine (pharyngite) , Diarrhée , Enrouement , Gorge (mal de) , Goutte , Jambes lourdes (douloureuses) , Laryngite , Mal de gorge , Pharyngite (angine) ",https://upload.wikimedia.org/wikipedia/commons/0/08/Blackcurrant_carissa_spinarum.jpg
Guimauve,"Plante médicinale béchique utilisée contre la toux et comme hochet de dentition pour les enfants, se présente souvent sous forme de tisane (infusion) ou en racine séchée.",https://creapharma.ch/wp-content/uploads/2015/05/guimauve-plante-pm.jpg,"Angine (pharyngite) , Bronchite , Gorge (mal de) , Laryngite , Mal de gorge , Pharyngite (angine) , Toux ",https://upload.wikimedia.org/wikipedia/commons/1/17/Althaea_officinalis.jpeg
Mauve,"Plante médicinale désinfectante et émolliente utilisée lors de maux de gorge ou de toux sèche, se présente souvent sous forme de tisane, bonbon ou gélule.",https://creapharma.ch/wp-content/uploads/2015/05/mauve.gif,"Angine (pharyngite) , Aphtes , Bronchite , Enrouement , Gorge (mal de) , Laryngite , Mal de gorge , Maux de dents , Panaris , Pharyngite (angine) , Toux ",https://upload.wikimedia.org/wikipedia/commons/thumb/a/a5/Wilde_Malve_am_Donaudamm.jpg/1200px-Wilde_Malve_am_Donaudamm.jpg
Mousse d’islande,"Plante médicinale utilisée pour soigner la toux et les maux de gorge, se présente souvent sous forme de tisanes (infusion) ou en bonbons.",https://creapharma.ch/wp-content/uploads/2015/05/mousse-islande-thalle.jpg,"Angine (pharyngite) , Enrouement , Gorge (mal de) , Laryngite , Mal de gorge , Pharyngite (angine) , Toux ",https://upload.wikimedia.org/wikipedia/commons/thumb/4/4b/Cetraria_islandica.jpg/1200px-Cetraria_islandica.jpg
Sauge,Plante médicinale et aromatique utilisée en usage interne surtout comme antidiaphorétique (antitranspirant) et en usage externe comme désinfectant et cicatrisant contre les affections buccales comme les maux de gorge ou les aphtes.,https://creapharma.ch/wp-content/uploads/2015/05/sauge-plante-medicinale.jpg,"Angine (pharyngite) , Aphtes , Gingivite , Gorge (mal de) , Laryngite , Mal de gorge , Ménopause , Pharyngite (angine) , Sécheresse vaginale , Transpiration excessive (hyperhidrose) ",https://upload.wikimedia.org/wikipedia/commons/2/2e/Sauge_officinale01.jpg
Thym,"Plante médicinale avec un fort effet désinfectant, utilisée lors de toux, de bronchite ou de maux de gorge, se présente souvent sous forme de tisane (infusion), teinture, gélule ou sirop.",,"Angine (pharyngite) , Bronchite , Gorge (mal de) , Insectes (piqûres d’) , Laryngite , Mal de gorge , Pharyngite (angine) , Piqûre d’insectes (insectes) , Pneumonie , Refroidissement , Rhume , Sinusite , Toux ",https://upload.wikimedia.org/wikipedia/commons/9/98/Fleurs_de_thym.JPG
Camomille allemande,Plante médicinale utilisée en usage interne contre les spasmes et les problèmes digestifs surtout sous forme de tisane et en usage externe comme désinfectant et cicatrisant.,https://creapharma.ch/wp-content/uploads/2015/04/camomille-vraie-163x200.jpg,Anxiété ,https://upload.wikimedia.org/wikipedia/commons/9/9d/Camomille.jpg
Cataire,"Plante médicinale avec un effet digestif, utilisée en cas de coliques et troubles digestifs, se présente souvent sous forme de tisane.",,Anxiété ,https://upload.wikimedia.org/wikipedia/commons/thumb/e/e8/Nepeta-catarica1.jpg/1200px-Nepeta-catarica1.jpg
Houblon,"Plante médicinale avec un effet somnifère, calmant et légèrement antidépresseur, se présente souvent sous forme de tisane (infusion), comprimé ou en gélule.",,"Anxiété , Arrêter de fumer & tabagisme , Insomnie (troubles du sommeil) , Nervosité (stress) , Sommeil (troubles du sommeil, insomnie) , Stress ",https://upload.wikimedia.org/wikipedia/commons/3/39/Humulus_lupulus_008.JPG
Kawa,"Plante médicinale anxiolytique et calmante utilisée lors d’anxiété ou de stress, se présente souvent sous forme de médicament prêt à l’emploi (comprimés, gélules).",https://creapharma.ch/wp-content/uploads/2015/05/kava-feuille-Picture-Partners-133x200.jpg,Anxiété ,
Passiflore,"Plante médicinale utilisée pour son effet calmant et sédatif contre la nervosité et les troubles du sommeil, se présente souvent sous forme de gélule, comprimé à mâcher ou en tisane.",https://creapharma.ch/wp-content/uploads/2015/05/passiflore-fleurs-134x200.jpg,"Anxiété , Arrêter de fumer & tabagisme , Insomnie (troubles du sommeil) , Nervosité (stress) , Sommeil (troubles du sommeil, insomnie) , Stress ",
Valériane,"Plante médicinale à l’effet somnifère et calmante, se présente souvent sous forme de tisanes ou sous forme de comprimés.",,"Anxiété , Arrêter de fumer & tabagisme , Insomnie (troubles du sommeil) , Nervosité (stress) , Sommeil (troubles du sommeil, insomnie) , Stress , Syndrome du côlon irritable ",
Aloe vera,"Plante médicinale anti-inflammatoire et désinfectante utilisée lors de plaies ou de brûlures, se présente souvent sous forme de gel ou de pommade.",https://creapharma.ch/wp-content/uploads/2015/04/aloe-plante-medicinale2-161x200.jpg,"Aphtes , Blessures (plaies) , Constipation , Coup de soleil , Plaies (voir aussi sous blessures) , Syndrome du côlon irritable ",
Hamamélis,"Plante médicinale utilisée en usage interne ou externe pour soigner des troubles veineux comme les hémorroïdes, se présente souvent sous forme de comprimé, gélule ou en pommade.",https://creapharma.ch/wp-content/uploads/2015/05/hamamelis-jardin-botanique-pm.jpg,"Aphtes , Démangeaisons anales , Eczéma , Hémorroïdes , Jambes lourdes (douloureuses) , Saignement de nez (épistaxis) , Thrombose ",
Myrrhe,"Plante médicinale avec une action astringente, efficace lors de différents problèmes de bouche (ex. aphtes), se présente souvent sous forme de teinture ou d’huile essentielle.",https://creapharma.ch/wp-content/uploads/2015/05/myrrhe-pm.jpg,"Aphtes , Gingivite , Moustiques (piqûres de) , Pellicules , Piqûres de moustiques ",
Rhubarbe,"Plante médicinale utilisée principalement en usage interne lors de constipation ou en usage externe lors d’aphtes, se présente en général sous forme de tisane ou de liquide pour application.",https://creapharma.ch/wp-content/uploads/2015/05/rhubarbe.gif,"Aphtes , Constipation ",
Rose,"Plante (médicinale) avec un effet principalement tonique sur la peau, très utilisée en cosmétique et en parfumerie, se présente souvent sous forme de tisane ou en eau de rose.",https://creapharma.ch/wp-content/uploads/2015/05/rose-provins.jpg,Aphtes ,
Thé noir,"Plante médicinale et boisson utilisée principalement comme stimulant lors de fatigue, se présente souvent sous forme de thé (infusion).",https://creapharma.ch/wp-content/uploads/2015/05/the-plante1.jpg,"Aphtes , Diarrhée , Fatigue , Gastro-entérite , Hypertension , Nervosité (stress) , Stress ",
Tea tree,"Plante médicinale utilisée principalement sous forme d’huile essentielle, indiquée surtout lors de mycoses des pieds grâce à un fort effet antifongique. On l’utilise souvent sous forme d’huile essentielle.",https://creapharma.ch/wp-content/uploads/2015/04/arbre-a-the-134x200.jpg,"Aphtes , Mycoses des ongles (onychomycose) , Mycoses des pieds (pieds d’athlète) , Mycoses vaginales , Onychomycose (mycose des ongles) , Pellicules , Pied d’athlète (mycose des pieds) ",
Arnica,"Plante médicinale avec un effet anti-inflammatoire utilisée en usage externe lors de contusion ou d’hématome, se présente souvent sous forme de pommade ou de gel.",https://creapharma.ch/wp-content/uploads/2015/04/arnica-fleurs-237x200.jpg,"Arthrite , Arthrose , Contusions , Coup de soleil , Entorse , Hématomes , Mal de dos , Polyarthrite rhumatoïde (pr) , Syndrome du canal carpien , Tendinite ",
Frêne,"Plante médicinale avec une action anti-inflammatoire utilisée lors de rhumatisme (goutte, arthrose), se présente en général sous forme de gélules.",https://creapharma.ch/wp-content/uploads/2015/05/frene_pm.jpg,"Arthrite , Arthrose , Goutte , Polyarthrite rhumatoïde (pr) , Surpoids & obésité ",
Grenade,"Plante avec un important effet antioxydant qui peut prévenir des maladies cardiovasculaires et certains cancers, à utiliser sous forme de jus (plus efficace) ou de fruit.",https://creapharma.ch/wp-content/uploads/2015/05/grenade-pm.jpg,Arthrite ,
Harpagophytum,"Plante médicinale anti-inflammatoire utilisée lors de rhumatismes comme l’arthrose, se présente en général sous forme de gélules ou en comprimés.",https://creapharma.ch/wp-content/uploads/2015/05/harpagophytum2.jpg,"Arthrite , Mal de dos , Polyarthrite rhumatoïde (pr) , Tendinite ",
Griffe du diable,"Plante médicinale anti-inflammatoire utilisée lors de rhumatismes comme l’arthrose, se présente en général sous forme de gélules ou en comprimés.",https://creapharma.ch/wp-content/uploads/2015/05/harpagophytum2.jpg,"Arthrite , Polyarthrite rhumatoïde (pr) , Sciatique , Tendinite ",
Poivre de cayenne,"Plante médicinale hyperémiante utilisée en usage externe lors d’affections rhumatismales, se présente souvent sous forme de pommade, emplâtre ou en compresse.",https://creapharma.ch/wp-content/uploads/2015/05/piment-plante.jpg,"Arthrite , Arthrose , Bouton de fièvre, zona ou herpès zoster , Crampes musculaires , Herpès zoster (zona) , Mal de dos , Polyarthrite rhumatoïde (pr) , Surpoids & obésité , Tendinite , Zona ",
Saule,"Plante médicinale indiquée en cas de refroidissement ou lors de douleurs rhumatismales à cause de son effet antidouleur et anti-inflammatoire, se présente souvent sous forme de comprimé ou en gélule.",https://creapharma.ch/wp-content/uploads/2015/05/saule-pm.jpg,"Arthrite , Arthrose , Mal de dos , Polyarthrite rhumatoïde (pr) , Poux de tête , Sciatique ",
Consoude,"Plante médicinale utilisée pour son effet anti-inflammatoire lors de coups et de contusions, se présente souvent sous forme de gel.
Attention, ne pas utiliser cette plante en usage interne (à avaler) à cause du risque d’intoxication.",,"Arthrose , Contusions , Entorse ",
Curcuma,"Plante médicinale avec un fort effet antioxydant ayant une action préventive contre le cancer, se présente principalement sous forme de poudre ou de gélule.",https://creapharma.ch/wp-content/uploads/2015/04/curcuma_202_177.jpg,"Arthrose , Brûlures (brûlures de la peau) , Crohn (maladie de) , Inflammations , Maladie de crohn , Psoriasis ",
Églantier,"Plante médicinale riche en vitamine C utilisée pour soigner et prévenir les refroidissements, se présente en général sous forme de tisanes (infusion).
Plante utilisée également en poudre pour soigner l’arthrose.",https://creapharma.ch/wp-content/uploads/2015/04/cynorrhodon-plante_202_177.jpg,Arthrose ,
Harpagophytum (griffe du diable),"Plante médicinale anti-inflammatoire utilisée lors de rhumatismes comme l’arthrose, se présente en général sous forme de gélules ou en comprimés.",https://creapharma.ch/wp-content/uploads/2015/05/harpagophytum2.jpg,Arthrose ,
Absinthe,"Plante médicinale avec un effet favorisant la digestion indiqué par exemple en cas d’acidité gastrique, se présente souvent sous forme de tisane (infusion) ou en décoction.",,"Ballonnements (flatulences) , Flatulence ",
Anis vert,"Plante médicinale utilisée contre les problèmes digestifs et la toux ainsi que pour favoriser l’allaitement, se présente souvent sous forme de tisane.",https://creapharma.ch/wp-content/uploads/2015/04/anis-fleurs-petit.jpg,"Ballonnements (flatulences) , Flatulence ",
Anis étoilé,"Plante médicinale utilisée contre les problèmes digestifs et en particulier les ballonnements, se présente souvent sous forme de tisane.",https://creapharma.ch/wp-content/uploads/2015/04/anis-etoile-plante-une.jpg,"Ballonnements (flatulences) , Flatulence , Mauvaise haleine ",
Badiane,"Plante médicinale utilisée contre les problèmes digestifs et en particulier les ballonnements, se présente souvent sous forme de tisane.",https://creapharma.ch/wp-content/uploads/2015/04/anis-etoile-plante-une.jpg,"Ballonnements (flatulences) , Flatulence , Mauvaise haleine ",
Aneth,"Plante médicinale utilisée en phytothérapie surtout pour son effet carminatif, notamment en cas de troubles digestifs, se présente souvent sous forme de tisane ou en huile essentielle.",https://creapharma.ch/wp-content/uploads/2015/04/aneth-plante-medicinale.jpg,"Ballonnements (flatulences) , Flatulence , Hoquet , Indigestion , Ronflement ",
Le cumin,"Plante médicinale utilisée lors de problèmes digestifs comme les flatulences, se présente en général sous forme de tisane (infusion).",https://creapharma.ch/wp-content/uploads/2015/04/cumin-graines.jpg,Ballonnements (flatulences) ,
Fenouil,"Plante médicinale avec effet spasmolytique et expectorante, indiquée pour de nombreux maux en particulier digestifs, se présente souvent sous forme de tisanes (infusions) ou en gélules.",https://creapharma.ch/wp-content/uploads/2015/05/fenouil-une.gif,"Ballonnements (flatulences) , Diabète type 2 , Dysménorrhée , Flatulence , Indigestion , Mal de ventre , Mauvaise haleine , Ménopause , Règles douloureuses (dysménorrhée) , Toux ",
Romarin,"Plante médicinale diurétique, aromatique, antioxydante et antirhumatismale, se présente souvent sous forme de tisane (infusion) ou de décoction.",,"Ballonnements (flatulences) , Flatulence , Indigestion , Migraine , Moustiques (piqûres de) , Piqûres de moustiques , Syncope , Syndrome du côlon irritable , Torticolis ",
Anthyllide vulnéraire,"Plante médicinale avec un effet cicatrisant indiquée lors de plaies ou contusions, utilisé la plupart du temps sous forme compresse.",,"Blessures (plaies) , Brûlures (brûlures de la peau) , Plaies (voir aussi sous blessures) ",
Plantain lancéolé,"Plante médicinale utilisée lors de toux et pour désinfecter les voies respiratoires, se présente souvent sous forme de tisane (infusion), capsule ou sirop.",https://creapharma.ch/wp-content/uploads/2015/05/plantago-lanceolata.gif,Blessures (plaies) ,
Sanicle d’europe,"Plante médicinale avec des effets principalement hémostatiques et cicatrisants, indiquée lors de plaies ou blessures. La sanicle se présente surtout sous forme de compresses ou en tisane.",,Blessures (plaies) ,
Aloé vera,"Plante médicinale anti-inflammatoire et désinfectante utilisée lors de plaies ou de brûlures, se présente souvent sous forme de gel ou de pommade.",https://creapharma.ch/wp-content/uploads/2015/04/aloe-plante-medicinale2-161x200.jpg,"Bouton de fièvre, zona ou herpès zoster , Brûlures (brûlures de la peau) , Diabète type 2 , Herpès zoster (zona) , Zona ",
Eucalyptus,"Plante médicinale utilisée pour soigner la toux (avec action expectorante) et le rhume (en inhalation), se présente sous forme de tisane (infusion), bonbons, inhalations ou en gélule.",https://creapharma.ch/wp-content/uploads/2015/05/eucalyptus-plante.jpg,"Bronchite , Pellicules , Piqûre d’insectes (insectes) , Pneumonie , Rhume , Sinusite , Toux ",
Bouillon blanc,"Plante médicinale pour soigner la toux (action expectorante), se présente souvent sous forme de tisane ou en sirop.",https://creapharma.ch/wp-content/uploads/2015/04/bouillon_blanc_def-270x200.jpg,"Bronchite , Démangeaisons anales , Engelure , Hémorroïdes , Pneumonie , Toux ",
Bourgeons de sapin,"Plante médicinale avec un effet expectorant, s’utilise en usage interne pour soigner la toux grasse, se présente souvent sous forme de sirop ou de bonbons.",https://creapharma.ch/wp-content/uploads/2015/05/sapin-photo-pm-2.jpg,"Bronchite , Pneumonie , Toux ",
Droséra,"Plante médicinale avec un effet antitussif indiqué en cas de toux sèche, utilisé en général sous forme de tisane ou
de gouttes.",https://creapharma.ch/wp-content/uploads/2015/04/drosera_pm.jpg,"Bronchite , Toux ",
Guaco,"Plante médicinale originaire d’Amérique du Sud et utilisée notamment au Brésil. Elle présente un effet vasoconstricteur au niveau des bronches, indiquée par conséquent pour soigner la toux et la bronchite. Le guaco est surtout consommé sous forme de tisane ou en sirop.",https://creapharma.ch/wp-content/uploads/2015/05/guaco-criasaude-pm.jpg,"Bronchite , Toux ",
Lierre,"Plante médicinale utilisée en cas de toux grasse ou de bronchite, se présente sous forme de médicament prêt à l’emploi (ex. comprimé).",https://creapharma.ch/wp-content/uploads/2015/05/PICT1402-pm.jpg,"Bronchite , Pneumonie , Toux ",
Pélargonium,"Plante médicinale d’origine sud-africaine utilisée principalement pour soigner la bronchite aiguë ou la toux, se présente en général sous forme de teinture (gouttes).",https://creapharma.ch/wp-content/uploads/2015/05/pelargonium.jpg,Bronchite ,
Pulmonaire,"Plante médicinale expectorante et émolliente, utilisée principalement lors de toux ou de bronchite, se présente souvent sous forme de tisane.",https://creapharma.ch/wp-content/uploads/2015/05/pulmonaire-2.gif,"Bronchite , Pneumonie , Toux ",
Sapin,"Plante médicinale avec un effet expectorant, s’utilise en usage interne pour soigner la toux grasse, se présente souvent sous forme de sirop ou de bonbons.",https://creapharma.ch/wp-content/uploads/2015/05/sapin-photo-pm-2.jpg,Bronchite ,
 calendula,"Plante médicinale utilisée comme cicatrisant et anti-inflammatoire principalement contre les coups et les blessures, se présente en général sous forme de pommade.
Attention, ne pas appliquer une pommade à base de calendula sur une plaie ouverte (plaie qui saigne).",https://creapharma.ch/wp-content/uploads/2015/04/soucis_des_jardins-213x200.gif,Brûlures (brûlures de la peau) ,
Souci,"Plante médicinale utilisée comme cicatrisant et anti-inflammatoire principalement contre les coups et les blessures, se présente en général sous forme de pommade.
Attention, ne pas appliquer une pommade à base de calendula sur une plaie ouverte (plaie qui saigne).",https://creapharma.ch/wp-content/uploads/2015/04/soucis_des_jardins-213x200.gif,"Brûlures (brûlures de la peau) , Candidose vaginale , Mycoses des pieds (pieds d’athlète) , Mycoses vaginales , Pied d’athlète (mycose des pieds) ",
Calami,"Plante médicinale à l’effet stomachique avec une action efficace contre les brûlures d’estomac, se présente souvent sous forme de tisanes (infusions).",https://creapharma.ch/wp-content/uploads/2015/04/calami-rhizome.jpg,"Brûlure d’estomac , Gastro-entérite , Mal de ventre ",
Bourgeons de pin,"Plante médicinale avec un effet expectorant, s’utilise en usage interne pour soigner la toux grasse, se présente souvent sous forme de sirop ou de bonbons.",https://creapharma.ch/wp-content/uploads/2015/05/sapin-photo-pm-2.jpg,Calculs biliaires ,
Fumeterre,"Plante médicinale avec une action sur le système digestif et en particulier au niveau de la vésicule biliaire, se présente souvent sous forme de tisane ou en gélule.",https://creapharma.ch/wp-content/uploads/2015/05/fumeterre-jardin-botanique_pm.jpg,"Calculs biliaires , Indigestion ",
Ail,Plante médicinale utilisée notamment contre l’athérosclérose et l’hypertension ainsi qu’en prévention du cancer. L’ail se présente souvent sous forme de gélules ou de comprimés standardisés. Il est recommandé de consommer tous les jours une gousse d’ail.,https://creapharma.ch/wp-content/uploads/2015/04/Fotolia_849578_S-ail-grand.jpg,"Calculs urinaires , Cholestérol , Hypertension , Lithiase urinaire (calculs urinaires) ",
Citron,"Plante médicinale antiseptique utilisée lors de maladies infectieuses principalement en prévention, utilisé en général sous forme de jus ou d’huile essentielle.",https://creapharma.ch/wp-content/uploads/2015/04/citron-malyshchyts-viktar.jpg,"Calculs urinaires , Lithiase urinaire (calculs urinaires) , Mal des transports (cinétose) , Moustiques (piqûres de) , Piqûres de moustiques ",
Bouleau,"Plante médicinale utilisée comme diurétique contre les cystites (légères), se présente souvent sous forme de tisane.",https://creapharma.ch/wp-content/uploads/2015/04/bouleau_medium-166x200.jpg,"Calculs urinaires , Cystite , Goutte , Infections urinaires , Lithiase urinaire (calculs urinaires) ",
Genevrier,"Plante médicinale utilisée en cas de problèmes digestifs, de troubles urinaires ou lors de rhumatismes, se présente souvent sous forme de tisane ou en teinture.",https://creapharma.ch/wp-content/uploads/2015/04/genievre-genevrier-pm.jpg,Calculs urinaires ,
Genièvres,"Plante médicinale utilisée en cas de problèmes digestifs, de troubles urinaires ou lors de rhumatismes, se présente souvent sous forme de tisane ou en teinture.",https://creapharma.ch/wp-content/uploads/2015/04/genievre-genevrier-pm.jpg,"Calculs urinaires , Lithiase urinaire (calculs urinaires) ",
Géranium,"Plante médicinale d’origine sud-africaine utilisée principalement pour soigner la bronchite aiguë ou la toux, se présente en général sous forme de teinture (gouttes).",https://creapharma.ch/wp-content/uploads/2015/05/pelargonium.jpg,"Calculs urinaires , Lithiase urinaire (calculs urinaires) ",
Pelarg,"Plante médicinale d’origine sud-africaine utilisée principalement pour soigner la bronchite aiguë ou la toux, se présente en général sous forme de teinture (gouttes).",https://creapharma.ch/wp-content/uploads/2015/05/pelargonium.jpg,Calculs urinaires ,
Verge d’or,"Plante médicinale avec un fort effet diurétique, utilisée pour les reins et la vessie (ex. calculs urinaires), se présente souvent sous forme de tisane (infusion).",https://creapharma.ch/wp-content/uploads/2015/05/solidago-verge-d-or-f1.jpg,"Calculs urinaires , Lithiase urinaire (calculs urinaires) ",
Noir,"Plante médicinale et boisson utilisée principalement comme stimulant lors de fatigue, se présente souvent sous forme de thé (infusion).",https://creapharma.ch/wp-content/uploads/2015/05/the-plante1.jpg,"Calculs urinaires , Lithiase urinaire (calculs urinaires) ",
Vert,"Plante médicinale et boisson utilisée comme stimulant lors de fatigue mais aussi pour prévenir différentes maladies comme le cancer, se présente souvent sous forme de thé (infusion).",,"Calculs urinaires , Lithiase urinaire (calculs urinaires) ",
Calendula,"Plante médicinale utilisée comme cicatrisant et anti-inflammatoire principalement contre les coups et les blessures, se présente en général sous forme de pommade.
Attention, ne pas appliquer une pommade à base de calendula sur une plaie ouverte (plaie qui saigne).",https://creapharma.ch/wp-content/uploads/2015/04/soucis_des_jardins-213x200.gif,"Candidose vaginale , Coup de soleil , Démangeaisons anales , Enrouement , Impétigo , Mycoses des pieds (pieds d’athlète) , Mycoses vaginales , Pied d’athlète (mycose des pieds) ",
Citronnelle,Plante médicinale utilisée en usage interne comme sédatif et digestif et en usage externe pour lutter contre les piqûres d’insectes ou de moustiques.,https://creapharma.ch/wp-content/uploads/2015/04/citronnelle_207_177.jpg,"Candidose vaginale , Insectes (piqûres d’) , Moustiques (piqûres de) , Mycoses vaginales , Piqûre d’insectes (insectes) , Piqûres de moustiques ",
Échinacée,"Plante médicinale stimulant les défenses immunitaires, avec une action principalement dans le traitement du refroidissement, se présente souvent sous forme de gélule, comprimé à sucer ou jus.",,"Candidose vaginale , Grippe , Grippe a , Grippe aviaire , Grippe porcine (ex. grippe a h1n1) , Mycoses vaginales , Refroidissement ",
Cèdre de l’atlas,"Plante médicinale (arbre) riche en huile essentielle avec une action anti-bactérienne et antifongique, indiquée en particulier contre les mycoses.",https://creapharma.ch/wp-content/uploads/2015/04/cedre-atlas_resize.jpg,"Cellulite , Mycoses des pieds (pieds d’athlète) , Mycoses du cuir chevelu (teignes) , Pied d’athlète (mycose des pieds) ",
Papaye,"Plante (médicinale) d’origine mexicaine qui est un fruit très nutritif mais qui s’utilise aussi en médecine pour ses effets digestifs grâce à la papaïne, dans ce cas à consommer sous forme de gélule.",https://creapharma.ch/wp-content/uploads/2015/05/papaye-grande-photo-1-177x200.jpg,Cellulite ,
Thé vert,"Plante médicinale et boisson utilisée comme stimulant lors de fatigue mais aussi pour prévenir différentes maladies comme le cancer, se présente souvent sous forme de thé (infusion).",,"Cellulite , Chute des cheveux (h) , Diabète type 2 , Fatigue , Inflammations , Mauvaise haleine , Obésité (surpoids) , Parkinson , Surpoids & obésité ",
Avoine,"Plante médicinale avec des effets très intéressants surtout au niveau nutritionnel, indiqué par exemple en cas d’excès de cholestérol, se présente souvent sous forme de flocons, tisane ou en cataplasme.",https://creapharma.ch/wp-content/uploads/2015/04/avoine-125x200.jpg,Cholestérol ,
Lin,"Plante médicinale utilisée principalement comme laxatif en cas de constipation chronique, se présente souvent sous forme de graines.",https://creapharma.ch/wp-content/uploads/2015/05/lin-plante-pm.jpg,"Cholestérol , Sécheresse vaginale , Syndrome du côlon irritable ",
Germes de blé,"Plante médicinale utilisée contre l’athériosclérose et contre l’hypertension, se présente souvent sous forme de capsules ou de comprimés.",https://creapharma.ch/wp-content/uploads/2015/04/germes-de-ble.jpg,Cholestérol ,
Psyllium,"Plante médicinale laxative indiquée lors de constipation chronique, se prend sous forme de graine avec de l’eau (à laisser gonfler).",https://creapharma.ch/wp-content/uploads/2015/05/psylli-pm.jpg,Cholestérol ,
Millet,"Céréale utilisée dans le domaine de la santé principalement comme fortifiant des cheveux ou des ongles, grâce à sa teneur en minéraux, oligo-éléments et vitamines, se présente souvent sous forme de gélule (capsule).",https://creapharma.ch/wp-content/uploads/2015/05/millet-epis-fotolia.jpg,"Chute des cheveux (f) , Chute des cheveux (h) ",
Blé germé,"Plante médicinale utilisée contre l’athériosclérose et contre l’hypertension, se présente souvent sous forme de capsules ou de comprimés.",https://creapharma.ch/wp-content/uploads/2015/04/germes-de-ble.jpg,Chute des cheveux (h) ,
Camomille,Plante médicinale utilisée en usage interne contre les spasmes et les problèmes digestifs surtout sous forme de tisane et en usage externe comme désinfectant et cicatrisant.,https://creapharma.ch/wp-content/uploads/2015/04/camomille-vraie-163x200.jpg,"Conjonctivite , Nausées & vomissements , Reflux gastro-œsophagien , Syndrome du canal carpien , Syndrome du côlon irritable , Vomissements ",
Euphraise,"Plante médicinale avec un effet antiseptique, utilisée principalement lors de problèmes oculaires comme contre la conjonctivite, se présente souvent sous forme de compresses ou de collyres.",https://creapharma.ch/wp-content/uploads/2015/05/euphraise-resume1.jpg,"Conjonctivite , Yeux secs ",
Bourdaine,"Plante médicinale à l’effet laxatif indiquée lors de constipation, se présente souvent sous forme d’extrait, comprimés standardisés ou de sirop.",https://creapharma.ch/wp-content/uploads/2015/04/rhamnus-frangula-herbier-223x200.gif,"Constipation , Syndrome du côlon irritable ",
Cascara,"Plante Médicinale (arbre) à l’effet laxatif indiquée lors de constipation occasionnelle, à ne pas utiliser plus d’une semaine, se présente souvent sous forme de gélule.",https://creapharma.ch/wp-content/uploads/2015/04/cascara-no-cop.jpg,Constipation ,
Figue,"Plante médicinale laxative indiquée lors de constipation, se présente souvent sous forme de sirop.",https://creapharma.ch/wp-content/uploads/2015/05/figue_pm.jpg,Constipation ,
Pruneaux,"Plante médicinale avec un effet principalement laxatif, indiqué en cas de constipation, se consomme sous forme de fruits frais ou séchés (pruneaux).",https://creapharma.ch/wp-content/uploads/2015/05/prunier-pm.jpg,Constipation ,
Fruits séchés de la prune,"Plante médicinale avec un effet principalement laxatif, indiqué en cas de constipation, se consomme sous forme de fruits frais ou séchés (pruneaux).",https://creapharma.ch/wp-content/uploads/2015/05/prunier-pm.jpg,Constipation ,
Graines de lin,"Constipation chronique, syndrome du côlon irritable, cholestérol (hypercholestérolémie, action contre le LDL, c’est-à-dire le mauvais cholestérol)",,Constipation ,
Huile de ricin,Contre la constipation occasionnelle,,Constipation ,
Ricin,"Plante médicinale avec un fort effet laxatif, utilisée contre la constipation sur une courte durée, se présente souvent sous forme d’huile (de ricin) à avaler.",https://creapharma.ch/wp-content/uploads/2015/05/ricin-moyen.jpg,Constipation ,
Psylli semen,"Plante médicinale laxative indiquée lors de constipation chronique, se prend sous forme de graine avec de l’eau (à laisser gonfler).",https://creapharma.ch/wp-content/uploads/2015/05/psylli-pm.jpg,"Constipation , Diarrhée ",
Séné,"Plante médicinale utilisée comme laxatif (irritant), en cas de constipation occasionnelle chez les adultes, se présente sous forme de gélule, granulés ou tisane (infusion).",https://creapharma.ch/wp-content/uploads/2015/05/senne-2.jpg,Constipation ,
Immortelle,Plante médicinale utilisée principalement en voie interne contre certains troubles digestifs et en voie externe pour soigner les hématomes.,https://creapharma.ch/wp-content/uploads/2015/05/immortelle-sable.jpg,Contusions ,
Marron d’inde,"Plante médicinale utilisée en cas de jambes douloureuses ou d’hémorroïdes, se présente souvent sous forme de crèmes.",https://creapharma.ch/wp-content/uploads/2015/05/marron-d-inde-une.gif,"Contusions , Jambes lourdes (douloureuses) , Thrombose , Varices ",
Mélilot,"Plante médicinale utilisée contre les troubles veineux (jambes lourdes), se présente souvent sous forme de gélule ou de tisane.",https://creapharma.ch/wp-content/uploads/2015/05/melilot.jpg,"Contusions , Jambes lourdes (douloureuses) ",
Betterave,"Plante médicinale (légume) avec un effet antioxydant et vasodilatateur, peut être utilisée contre l’hypertension ou comme cure chez le sportif d’endurance pour augmenter ses performances, à consommer de préférence sous forme de jus.",https://creapharma.ch/wp-content/uploads/2015/04/betterave.jpg,"Coup de soleil , Hypertension , Insuffisance cardiaque (forme spécifique, mesure complémentaire) ",
Gaulthérie,"Plante médicinale avec un effet anti-inflammatoire, utilisé surtout contre des douleurs musculaires ou lors de rhumatismes, se présente souvent sous forme de crème ou de liniment.",https://creapharma.ch/wp-content/uploads/2015/05/gaultherie-pm.jpg,"Courbatures , Sciatique ",
Fougère mâle,Plante médicinale utilisée en usage externe contre les rhumatismes et les crampes nocturnes. La fougère mâle se présente surtout sous forme de cataplasme ou en huile.,,Crampes musculaires ,
Millepertuis,"Plante médicinale utilisée pour soigner les cas de dépressions légères à modérées, se présente en général sous forme de gélule, comprimé ou tisane.",,"Crevasses , Dépression , Dépression saisonnière , Enurésie nocturne , Ménopause , Pipi au lit (enurésie nocturne) , Troubles affectifs saisonniers ",
Chocolat,"Plante médicinale avec un effet stimulant sur le système nerveux, utile pour soigner une déprime ou une légère dépression mais aussi en prévention de maladies cardiovasculaires, se présente surtout sous forme d’aliment (chocolat) ainsi qu’en gélule.",,"Crise cardiaque (infarctus du myocarde) , Infarctus du myocarde ",
Cacao,"Plante médicinale avec un effet stimulant sur le système nerveux, utile pour soigner une déprime ou une légère dépression mais aussi en prévention de maladies cardiovasculaires, se présente surtout sous forme d’aliment (chocolat) ainsi qu’en gélule.",,"Crise cardiaque (infarctus du myocarde) , Infarctus du myocarde , Parkinson ",
Airelles rouges,"Plante médicinale utilisée principalement en prévention comme désinfectant des voies urinaires, se présente souvent sous forme de jus.",https://creapharma.ch/wp-content/uploads/2015/04/airelles-rouges.jpghttps://creapharma.ch/wp-content/uploads/2015/04/gelule-airelle-rouge.jpg,"Cystite , Infections urinaires ",
Aronie,"Plante ou arbuste avec des effets antioxydants, toniques, énergétiques, entre autres. Utilisé principalement sous forme de fruits pour ses valeurs nutritives.",https://creapharma.ch/wp-content/uploads/2015/04/aronia.jpg,"Cystite , Infections urinaires ",
Bruyère,"Plante médicinale avec un effet diurétique, utilisée en cas de cystite ou d’infections urinaires, se présente souvent sous forme de gélules.",https://creapharma.ch/wp-content/uploads/2015/04/bruyere-plante-180x200.jpg,"Cystite , Infections urinaires ",
Canneberge,"Plante médicinale utilisée principalement en prévention comme désinfectant des voies urinaires lors de cystites à répétition (lire ci-dessous sous remarques), se présente souvent sous forme de jus. L’efficacité de la canneberge contre les infections urinaires, comme on le verra dans ce dossier, n’est pas prouvée scientifiquement.",,"Cystite , Infections urinaires ",
Prêle,"Plante médicinale diurétique indiquée notamment lors de troubles des voies urinaires et de problèmes articulaires, se présente en général sous forme d’infusion ou en gélules.",https://creapharma.ch/wp-content/uploads/2015/05/prele-pm.jpg,"Cystite , Infections urinaires ",
Raisin d’ours,Plante médicinale utilisée comme désinfectant des voies urinaires (par ex.contre les cystites) se présente souvent sous forme de tisane ou en gélule.,,"Cystite , Infections urinaires ",
Menthe poivrée,"Plante médicinale à vertu digestive et aromatique, se présente principalement sous forme de tisane (infusion).",,"Cystite interstitielle , Indigestion , Mal des transports (cinétose) , Mal de ventre , Nausées & vomissements , Syndrome du côlon irritable , Vomissements ",
Marronnier d’inde,"Plante médicinale utilisée en cas de jambes douloureuses ou d’hémorroïdes, se présente souvent sous forme de crèmes.",https://creapharma.ch/wp-content/uploads/2015/05/marron-d-inde-une.gif,"Démangeaisons anales , Hémorroïdes ",
Chia,"Plante médicinale d’origine mexicaine riche en fibres et en oméga-3 utilisée contre l’athérosclérose et le surpoids, se présente souvent sous forme de graines ou d’huile.",https://creapharma.ch/wp-content/uploads/2015/04/chia-planta-163x200.jpg,Diabète type 2 ,
Myrtille,"Plante médicinale utilisée pour son effet astringent lors de diarrhée et contre les jambes lourdes, se présente souvent sous forme de gélule ou en jus.",https://creapharma.ch/wp-content/uploads/2015/05/myrtille-2.jpg,"Diarrhée , Gastro-entérite , Jambes lourdes (douloureuses) , Syndrome du côlon irritable , Varices ",
Alchémille,"Plante médicinale aux propriétés adstringentes utilisée lors de diarrhée bénigne ou de règles douloureuses, se présente souvent sous forme de tisane (infusion).",https://creapharma.ch/wp-content/uploads/2015/04/alchemille-plante.jpg,"Diarrhée , Dysménorrhée , Règles douloureuses (dysménorrhée) , Syndrome prémenstruel ",
Châtaignier,Plante médicinale riche en tanin utilisée principalement contre la diarrhée sous forme de tisane.,,Diarrhée ,
Noisetier (feuilles),Plante médicinale indiquée surtout contre les jambes lourdes grâce à son effet (des feuilles) astringent. La plante est principalement utilisée sous forme de décoction en usage interne ou externe par exemple contre les hémorroïdes.,,"Diarrhée , Hémorroïdes , Jambes lourdes (douloureuses) , Varices ",
Potentille tormentille,"Plante médicinale avec un effet astringent, efficace contre la diarrhée, à utiliser sous forme de tisane par exemple.",https://creapharma.ch/wp-content/uploads/2015/05/tormentille.jpg,Diarrhée ,
Ronce,"Plante médicinale présentant un effet astringent indiquée de ce fait principalement pour soigner les diarrhées, se présente en général sous forme de tisane.",https://creapharma.ch/wp-content/uploads/2015/05/ronce-plante.jpg,Diarrhée ,
Gingembre,"Plante médicinale utilisée notamment comme stimulant sexuel et contre les maux de voyage, se présente souvent sous forme de gélule, comprimé, jus ou en tisane.",https://creapharma.ch/wp-content/uploads/2015/05/gingembre-plante_pm.jpg,"Dysfonction érectile , Érection , Impuissance (dysfonction érectile) , Inflammations , Mal des transports (cinétose) , Nausées & vomissements , Reflux gastro-œsophagien , Troubles-érectiles , Vomissements ",
Maca,"Plante médicinale originaire du Pérou, utilisée en Europe et aux Etats-Unis pour son supposé effet de stimulant sexuel (aphrodisiaque). Se présente souvent sous forme de comprimé ou de poudre.",https://creapharma.ch/wp-content/uploads/2015/05/maca-radi.jpg,"Dysfonction érectile , Érection , Impuissance (dysfonction érectile) , Troubles-érectiles ",
Onagre (oenothère),"Plante médicinale utile pour soigner et apaiser le syndrome prémenstruel ainsi que divers problèmes de peau, se présente souvent sous forme de gélule ou de crème.",https://creapharma.ch/wp-content/uploads/2015/05/onagre-plante-jardin-pm.jpg,Dysménorrhée ,
Camomille romaine,"Plante médicinale utilisée en usage interne contre les spasmes et la digestion, en usage externe comme désinfectant et cicatrisant, se présente souvent sous forme de tisane, compresses ou en liquide.",https://creapharma.ch/wp-content/uploads/2015/04/camomille-romaine-177x200.gif,"Dysménorrhée , Migraine , Règles douloureuses (dysménorrhée) ",
Framboisier,"Plante médicinale utilisée lors de problèmes digestifs et dans les trois derniers mois de la grossesse pour détendre l’utérus, se présente souvent sous forme de tisane.",https://creapharma.ch/wp-content/uploads/2015/05/framboises-pm.jpg,Dysménorrhée ,
Bourrache,"Plante médicinale pour soigner et apaiser divers problèmes de peau (peau sensible, sèche, rides), se présente souvent sous forme de crème, pommade ou en gélule.",https://creapharma.ch/wp-content/uploads/2015/04/bourrache1-150x200.jpg,"Dysménorrhée , Eczéma , Peau-sèche , Règles douloureuses (dysménorrhée) ",
Armoise commune,"Plante médicinale utilisée surtout contre les troubles gynécologiques et digestifs, à consommer sous forme de tisane.",https://creapharma.ch/wp-content/uploads/2015/05/armoise-commune.jpg,"Dysménorrhée , Ménopause , Règles douloureuses (dysménorrhée) ",
Pensée sauvage,"Plante médicinale avec une action anti-inflammatoire et purifiante indiquée surtout lors de problèmes de peau par exemple en cas d’eczéma, se présente en général sous forme de crème ou d’infusion.",https://creapharma.ch/wp-content/uploads/2015/05/pensee-sauvage.jpg,Eczéma ,
Soja,"Plante qui peut être utilisée contre les symptômes liés à la ménopause grâce à sa teneur en phytohormones, se présente souvent sous forme de gélule. Le soja est aussi une plante très utilisée en nutrition, autant humaine qu’animale.",https://creapharma.ch/wp-content/uploads/2015/05/soya1-pm.jpg,"Endométriose , Ménopause , Peau-sèche , Sécheresse vaginale ",
Bouillon-blanc,"Plante médicinale pour soigner la toux (action expectorante), se présente souvent sous forme de tisane ou en sirop.",https://creapharma.ch/wp-content/uploads/2015/04/bouillon_blanc_def-270x200.jpg,Enrouement ,
Pavot de californie,"Plante médicinale avec un effet sédatif et antispasmodique, indiqué contre les troubles du sommeil, l’anxiété ou la migraine, se présente souvent sous forme de gélule.",https://creapharma.ch/wp-content/uploads/2015/05/Eschscholzia.jpg,"Enurésie nocturne , Pipi au lit (enurésie nocturne) ",
Cannelle,"Plante médicinale riche en huile essentielle utilisée principalement lors de troubles digestifs mais aussi contre divers autres maux quotidiens, se présente souvent sous forme de tisane ou en teinture.",https://creapharma.ch/wp-content/uploads/2015/04/cannelle-arbre-zanzibar-150x200.jpg,"Fatigue , Reflux gastro-œsophagien ",
Rhodiola,"Plante médicinale qui améliore les capacités physiques et psychiques utilisée en particulier en cas de stress, se présente souvent sous forme de gélules ou d’extrait standardisé.",https://creapharma.ch/wp-content/uploads/2015/05/rhodiola-pm.jpg,"Fatigue , Nervosité (stress) , Stress ",
Fleurs de sureau,"Plante médicinale utilisée surtout contre les refroidissements (fleur), la fièvre (fleur), la toux (fruits ou baies) ou le rhume (fleur). Le sureau se présente souvent sous forme de tisane ou en sirop.",,Fièvre ,
Saule blanc,"Plante médicinale indiquée en cas de refroidissement ou lors de douleurs rhumatismales à cause de son effet antidouleur et anti-inflammatoire, se présente souvent sous forme de comprimé ou en gélule.",https://creapharma.ch/wp-content/uploads/2015/05/saule-pm.jpg,"Fièvre , Mal de tête ",
Tilleul,"Plante médicinale fébrifuge et calmante, indiquée en cas de refroidissement et lors de troubles du sommeil, se présente en général sous forme de tisane.",https://creapharma.ch/wp-content/uploads/2015/05/tilleul-arbre.gif,"Fièvre , Insomnie (troubles du sommeil) , Nervosité (stress) , Sommeil (troubles du sommeil, insomnie) , Stress ",
Lis blanc,"Plante médicinale avec un effet antiseptique et cicatrisant, utilisée pour soigner diverses infections, se présente souvent sous forme de teinture.",https://creapharma.ch/wp-content/uploads/2015/05/lis-blanc-fleurs.jpg,Furoncles ,
Chêne,"Plante médicinale dont le cortex de l’arbre possède des propriétés astringentes, utilisé par exemple lors de diarrhée, se présente souvent sous forme de décoction.",https://creapharma.ch/wp-content/uploads/2015/04/chene01.gif,"Gastro-entérite , Perte blanche (vaginale) , Perte vaginale ",
Cerise,"Plante (médicinale) avec des propriétés anti-inflammatoires pour son fruit et diurétique pour ses pédoncules, utilisée par exemple en cas de goutte (fruit) ou de cystite (pédoncules), se présente souvent sous forme du fruit lui-même, de jus ou sirop et de tisane ou décoction (pédoncules).",https://creapharma.ch/wp-content/uploads/2015/04/cerises-une-150x200.jpg,"Goutte , Insomnie (troubles du sommeil) , Sommeil (troubles du sommeil, insomnie) ",
Égopode,"Plante médicinale indiquée principalement contre la goutte, se présente souvent sous forme de teinture mère ou en bains de pieds.",,"Goutte , Hallux valgus (oignon) ",
Orties,"Plante médicinale utilisée en usage interne comme diurétique, en usage externe comme astringent ou produit cosmétique, se présente souvent sous forme de tisane ou en solution.",https://creapharma.ch/wp-content/uploads/2015/05/ortie-def.jpg,Goutte ,
Physalis,"Plante médicinale utilisée pour son effet diurétique lors de goutte ou de troubles urinaires, se présente souvent sous forme de décoction ou de tisane.",https://creapharma.ch/wp-content/uploads/2015/05/Physalis-alkekengi.jpg,Goutte ,
Cyprès commun,"Plante médicinale (arbre) avec des propriétés vasoconstrictrices, utilisée surtout contre les hémorroïdes, se présente souvent sous forme d’huile essentielle ou en décoction",https://creapharma.ch/wp-content/uploads/2015/04/cypres-commun_202_177.jpg,Hémorroïdes ,
Ficaire,"Plante médicinale utilisée presque exclusivement pour soigner les hémorroïdes, se présente souvent sous forme de crème, pommade ou en tisane",https://creapharma.ch/wp-content/uploads/2015/05/ficaire_pm.jpg,Hémorroïdes ,
Artichaut,"Plante médicinale protectrice du foie utilisée lors de problèmes hépatiques comme les calculs biliaires, une mauvaise digestion ou encore lors de cirrhose, se présente souvent sous forme de gélules.",https://creapharma.ch/wp-content/uploads/2015/04/artichaut-186x200.gif,"Hépatites , Mal de ventre , Syndrome du côlon irritable ",
Chardon-marie,"Plante médicinale protectrice du foie (hépatoprotectrice) indiquée lors de troubles du foie et de la digestion, se présente souvent sous forme de goutte ou en gélule.",https://creapharma.ch/wp-content/uploads/2015/04/chardon_marie2_202x177.jpg,Hépatites ,
Estragon,"Plante médicinale avec un effet stimulant sur la digestion, utilisée principalement contre les troubles digestifs sous forme de tisane ou teinture.",https://creapharma.ch/wp-content/uploads/2015/04/estragon-exquisine_rt.jpg,"Hoquet , Rhume des foins ",
Racine,"Plante médicinale utilisée en usage interne contre l’hyperplasie bénigne de la prostate, se présente souvent sous forme de comprimés, capsules ou tisane.",https://creapharma.ch/wp-content/uploads/2015/05/ortie-racine-pm.jpg,Hyperplasie bénigne prostate ,
Épilobe,"Plante médicinale avec un effet sur la prostate, par exemple lors d’hyperplasie bénigne de la prostate, se présente sous forme de tisane.",https://creapharma.ch/wp-content/uploads/2015/04/Sans-titre-1.jpg,"Hyperplasie bénigne prostate , Prostate (hyperplasie bénigne de la prostate (hbp)) ",
Pépins de courge,"Plante médicinale utilisée principalement contre l’hyperplasie bénigne de la prostate, se présente souvent sous forme de comprimé ou en capsule.",https://creapharma.ch/wp-content/uploads/2015/04/courge_res.jpg,"Hyperplasie bénigne prostate , Prostate (hyperplasie bénigne de la prostate (hbp)) ",
Sabal/,"Plante médicinale utilisée principalement contre l’hyperplasie bénigne de la prostate, se présente souvent sous forme de comprimé ou de gouttes.",https://creapharma.ch/wp-content/uploads/2015/05/sabal-plante-creapharma-150x200.jpg,Hyperplasie bénigne prostate ,
Palmier nain,"Plante médicinale utilisée principalement contre l’hyperplasie bénigne de la prostate, se présente souvent sous forme de comprimé ou de gouttes.",https://creapharma.ch/wp-content/uploads/2015/05/sabal-plante-creapharma-150x200.jpg,"Hyperplasie bénigne prostate , Prostate (hyperplasie bénigne de la prostate (hbp)) ",
Feuille d’olivier,"Plante médicinale utilisée contre l’hypertension et pour perdre du poids, se présente souvent sous forme de gélule.",https://creapharma.ch/wp-content/uploads/2015/05/olivier-arbre-pm.jpg,Hypertension ,
Hibiscus,"Plante médicinale utilisée principalement pour son effet contre l’hypertension et le cholestérol (en complément des traitements classiques), se présente en général sous forme de tisane.",https://creapharma.ch/wp-content/uploads/2015/05/hibiscus-grande-pm.jpg,Hypertension ,
Gingko,"Plante médicinale sensée améliorer les performances du cerveau comme la mémorisation et la vascularisation, mais plusieurs études se sont montrées critiques par rapport à son efficacité. Le ginkgo se présente souvent sous forme de gélules ou comprimés standardisés.",https://creapharma.ch/wp-content/uploads/2015/05/gingko_pm.jpg,"Impuissance (dysfonction érectile) , Troubles-érectiles ",
Racines,"Plante médicinale avec effet spasmolytique et expectorante, indiquée pour de nombreux maux en particulier digestifs, se présente souvent sous forme de tisanes (infusions) ou en gélules.",https://creapharma.ch/wp-content/uploads/2015/05/fenouil-une.gif,Indigestion ,
Cranberry,"Plante médicinale utilisée principalement en prévention comme désinfectant des voies urinaires lors de cystites à répétition (lire ci-dessous sous remarques), se présente souvent sous forme de jus. L’efficacité de la canneberge contre les infections urinaires, comme on le verra dans ce dossier, n’est pas prouvée scientifiquement.",,Infections urinaires ,
En feuille,"Plante médicinale utilisée en usage interne comme diurétique, en usage externe comme astringent ou produit cosmétique, se présente souvent sous forme de tisane ou en solution.",https://creapharma.ch/wp-content/uploads/2015/05/ortie-def.jpg,Infections urinaires ,
Coriandre,"Plante médicinale avec un effet principalement digestif, indiquée par exemple en cas de maux de ventre ou lors de ballonnements, se présente souvent sous forme de tisane ou en liqueur.",https://creapharma.ch/wp-content/uploads/2015/04/coentro-planta.png,Inflammations ,
Faux-poivrier,"Plante médicinale originaire du Brésil avec un effet anti-inflammatoire, cicatrisant et antimicrobien. Le faux-poivrier est utilisé principalement en cas de mycoses vaginales (candidoses).",,Inflammations ,
Olive (huile d’),"L’huile d’olive est très populaire dans la cuisine des pays du bassin méditerranéen comme le Maroc, la Tunisie, l’Algérie, l’Italie, l’Espagne, le Portugal, la Grèce ou la partie méridionale de la France. Disponible à longueur d’année, sa consommation tend à se généraliser dans le monde et ses vertus nutritionnelles et diététiques sont de plus en plus connues et recommandées.
Des régions comme le Japon, l’Amérique latine (Brésil), les Etats-Unis ou le nord de l’Europe (Allemagne, Grande-Bretagne) importent de grandes quantités d’huile d’olive, principalement en provenance du sud de l’Europe.
Ces dernières années, certains pays du sud de l’Amérique latine comme le Chili, l’Argentine et l’Uruguay ainsi que l’Australie se sont mis à produire de l’huile d’olive, la qualité et le goût restent toutefois en général inférieurs à celui des pays européens. Lest Etats-Unis et notamment le nord de la Californie sont aussi une région productrice d’olive et d’huile d’olive.",,Inflammations ,
Spray,En prévention contre les piqûres d’insectes et les piqûres de moustiques.,,Insectes (piqûres d’) ,
Ashwagandha,"Plante médicinale d’origine indienne avec un effet adaptogène utilisée en particulier en cas de stress, d’insomnie et d’anxiété, se présente souvent sous forme de gélule.",https://creapharma.ch/wp-content/uploads/2015/05/WithaniaFruit-wikipedia.jpg,"Insomnie (troubles du sommeil) , Nervosité (stress) , Sommeil (troubles du sommeil, insomnie) , Stress ",
Aspérule odorante,Plante médicinale utilisée en usage interne comme sédatif et en usage externe lors de blessures. L’aspérule odorante se présente surtout sous forme de tisane lors de troubles du sommeil.,,Insomnie (troubles du sommeil) ,
Fleur d’oranger,"Plante médicinale avec effet calmant utilisée lors de troubles du sommeil ou de tensions nerveuses, se présente souvent sous forme de tisane (infusion).",https://creapharma.ch/wp-content/uploads/2015/05/tisane-oranger-plante.jpg,"Insomnie (troubles du sommeil) , Sommeil (troubles du sommeil, insomnie) ",
Jasmin,"Plante Médicinale riche en huile essentielle, en phytothérapie on utilise principalement les fleurs de jasmin pour son effet calmant et sédatif. Se présente en général sous forme de tisane à base des fleurs.",https://creapharma.ch/wp-content/uploads/2015/05/jasmin-plante.jpg,"Insomnie (troubles du sommeil) , Sommeil (troubles du sommeil, insomnie) ",
Verveine,"Plante médicinale utilisée pour son effet calmant contre la nervosité et les troubles gastro-intestinaux liés au stress, se présente souvent sous forme de tisane (infusion).",https://creapharma.ch/wp-content/uploads/2015/05/verveine-officinale.gif,"Insomnie (troubles du sommeil) , Sinusite , Sommeil (troubles du sommeil, insomnie) ",
Fragon,"Plante médicinale utilisée contre les troubles veineux (jambes lourdes), se présente souvent sous forme de capsule.",https://creapharma.ch/wp-content/uploads/2015/05/fregon_pm.jpg,Jambes lourdes (douloureuses) ,
Vigne rouge,"Plante médicinale utilisée contre les troubles veineux (jambes lourdes), se présente souvent sous forme de capsule, crème ou en gel.",https://creapharma.ch/wp-content/uploads/2015/05/Sans-titre-11.jpg,"Jambes lourdes (douloureuses) , Varices ",
Genévrier,"Plante médicinale utilisée en cas de problèmes digestifs, de troubles urinaires ou lors de rhumatismes, se présente souvent sous forme de tisane ou en teinture.",https://creapharma.ch/wp-content/uploads/2015/04/genievre-genevrier-pm.jpg,Lithiase urinaire (calculs urinaires) ,
Grande camomille,"Plante médicinale utilisée pour soigner la migraine et les maux de tête, à utiliser par exemple sous forme de tisane ou de gélule.",https://creapharma.ch/wp-content/uploads/2015/05/grande-camomille_pm.jpg,"Mal de tête , Migraine ",
Chardon marie,"Plante médicinale protectrice du foie (hépatoprotectrice) indiquée lors de troubles du foie et de la digestion, se présente souvent sous forme de goutte ou en gélule.",https://creapharma.ch/wp-content/uploads/2015/04/chardon_marie2_202x177.jpg,Mal de ventre ,
Armoise annuelle,"Plante médicinale contenant de l’artémisinine, une molécule antipaludique, utilisée principalement en Afrique sous forme de gélule pour soigner le paludisme (malaria).",https://creapharma.ch/wp-content/uploads/2015/04/artemisia-annua-wikipedia-150x200.jpg,"Malaria , Paludisme (malaria) ",
Artemisia annua,"Plante médicinale contenant de l’artémisinine, une molécule antipaludique, utilisée principalement en Afrique sous forme de gélule pour soigner le paludisme (malaria).",https://creapharma.ch/wp-content/uploads/2015/04/artemisia-annua-wikipedia-150x200.jpg,"Malaria , Paludisme (malaria) ",
Clou de girofle,"Contre les maux de dents (attention en cas de fragilité cutanée, c’est-à-dire si une muqueuse de la bouche est abîmée, dans ce cas ne pas appliquer, demandez également conseil à votre dentiste).",,Mauvaise haleine ,
Persil,"Plante médicinale utilisée pour son effet diurétique contre les cystites et “détoxifiant” par exemple pour soigner les rhumatismes, se présente sous forme de décoction, de teinture ou d’huile essentielle.",https://creapharma.ch/wp-content/uploads/2015/05/persil-pot.jpg,Mauvaise haleine ,
Benoîte,Plante médicinale utilisée surtout en tisane contre les troubles digestifs ou sous forme de gargarisme lors de maux de dents.,,Maux de dents ,
Girofle,Plante médicinale utilisée en usage interne comme digestif et en usage externe comme désinfectant dans les problèmes dentaires ou de bouche.,https://creapharma.ch/wp-content/uploads/2015/05/girofle-plante-medicinale-pm.jpg,Maux de dents ,
Noix de muscade,Contre les maux de dents,,Maux de dents ,
Cimicifuga,"Plante médicinale indiquée pour diminuer les symptômes de la ménopause, notamment les bouffées de chaleur, se présente souvent sous forme de comprimés et en gélules standardisés.",https://creapharma.ch/wp-content/uploads/2015/04/cimicifuga-2016-plante.jpg//pagead2.googlesyndication.com/pagead/js/adsbygoogle.js,"Ménopause , Sécheresse vaginale ",
Nigelle cultivée,"Plante Médicinale utilisée contre les troubles digestifs mais aussi en médecine populaire contre de nombreuses autres affections, se présente souvent sous forme de graine (y compris farine) ou en huile essentielle.",https://creapharma.ch/wp-content/uploads/2015/05/nigelle-cultivee-pm.jpg,"Ménopause , Rhume des foins ",
Valeriane,"Plante médicinale à l’effet somnifère et calmante, se présente souvent sous forme de tisanes ou sous forme de comprimés.",,Ménopause ,
Basilic,"Plante médicinale et aromatique utilisée lors de problèmes digestifs, se présente en général sous forme de tisane (infusion) ou d’huile essentielle.",https://creapharma.ch/wp-content/uploads/2015/04/basilique-italie.gif,"Moustiques (piqûres de) , Piqûres de moustiques ",
Cèdre,"Plante médicinale (arbre) riche en huile essentielle avec une action anti-bactérienne et antifongique, indiquée en particulier contre les mycoses.",https://creapharma.ch/wp-content/uploads/2015/04/cedre-atlas_resize.jpg,"Moustiques (piqûres de) , Piqûres de moustiques ",
Spray à la mélisse,En prévention contre les piqûres d’insectes et les piqûres de moustiques.,,"Moustiques (piqûres de) , Piqûre d’insectes (insectes) , Piqûres de moustiques ",
Pin,"Plante médicinale (arbre) avec un effet antiseptique, s’utilise en usage interne pour soigner la toux et en usage externe lors de douleurs, se présente souvent sous forme de médicament prêt à l’emploi.",https://creapharma.ch/wp-content/uploads/2015/05/pin-sylvestre.jpg,"Moustiques (piqûres de) , Piqûres de moustiques , Sinusite ",
Lapacho,"Plante médicinale originaire d’Amérique du Sud utilisée surtout contre les mycoses et parfois en prévention du cancer (des controverses existent sur cette indication, lire ci-dessous), se présente souvent sous forme de décoction.",https://creapharma.ch/wp-content/uploads/2015/05/lapacho-arbre-pm.jpg,"Mycoses des pieds (pieds d’athlète) , Pied d’athlète (mycose des pieds) ",
Cannabis,"Plante (médicinale) à l’effet psychotrope et antiémétique, se présente sous forme de joint de cannabis ou de médicaments prêts à l’emploi (THC synthétique) dans certains pays (Canada ou USA).",https://creapharma.ch/wp-content/uploads/2015/05/cannabis-plante.gif,"Nausées & vomissements , Vomissements ",
Aubépine,"Plante médicinale indiquée lors de troubles cardiaques, se présente souvent sous forme de gouttes, comprimé ou en gélule.",https://creapharma.ch/wp-content/uploads/2015/04/aubepine-crategus-levigata-186x200.gif,"Nervosité (stress) , Stress , Vertiges ",
Kawa-kawa,"Plante médicinale anxiolytique et calmante utilisée lors d’anxiété ou de stress, se présente souvent sous forme de médicament prêt à l’emploi (comprimés, gélules).",https://creapharma.ch/wp-content/uploads/2015/05/kava-feuille-Picture-Partners-133x200.jpg,"Nervosité (stress) , Stress ",
Ginkgo biloba,"Plante médicinale sensée améliorer les performances du cerveau comme la mémorisation et la vascularisation, mais plusieurs études se sont montrées critiques par rapport à son efficacité. Le ginkgo se présente souvent sous forme de gélules ou comprimés standardisés.",https://creapharma.ch/wp-content/uploads/2015/05/gingko_pm.jpg,Parkinson ,
Ylan-ylang,"Plante médicinale originaire d’Indonésie et des Philippines, utilisée en phytothérapie (aromathérapie) principalement sous forme d’huile essentielle par exemple en cas de problèmes de peau. L’huile est aussi utilisée en parfumerie.",https://creapharma.ch/wp-content/uploads/2015/05/ylang-ylang-fleurs-pm.jpg,Peau-sèche ,
Citronnelle (en huile essentielle),Plante médicinale utilisée en usage interne comme sédatif et digestif et en usage externe pour lutter contre les piqûres d’insectes ou de moustiques.,https://creapharma.ch/wp-content/uploads/2015/04/citronnelle_207_177.jpg,Pellicules ,
Tussilage,"Plante médicinale anti-inflammatoire utilisée lors de toux ou de cattarhe, se présente principalement sous forme de tisane (infusion).",https://creapharma.ch/wp-content/uploads/2015/05/tussilage-pm1.jpg,Pellicules ,
Lamier blanc,"Plante médicinale avec un effet astringent, indiqué principalement en cas de pertes blanches (leucorrhée) ou de troubles gastro-intestinaux, se présente souvent sous forme de tisane ou en décoction.",https://creapharma.ch/wp-content/uploads/2015/05/lamier-blanc.jpg,"Perte blanche (vaginale) , Perte vaginale ",
Huile d’olive,"L’huile d’olive est très populaire dans la cuisine des pays du bassin méditerranéen comme le Maroc, la Tunisie, l’Algérie, l’Italie, l’Espagne, le Portugal, la Grèce ou la partie méridionale de la France. Disponible à longueur d’année, sa consommation tend à se généraliser dans le monde et ses vertus nutritionnelles et diététiques sont de plus en plus connues et recommandées.
Des régions comme le Japon, l’Amérique latine (Brésil), les Etats-Unis ou le nord de l’Europe (Allemagne, Grande-Bretagne) importent de grandes quantités d’huile d’olive, principalement en provenance du sud de l’Europe.
Ces dernières années, certains pays du sud de l’Amérique latine comme le Chili, l’Argentine et l’Uruguay ainsi que l’Australie se sont mis à produire de l’huile d’olive, la qualité et le goût restent toutefois en général inférieurs à celui des pays européens. Lest Etats-Unis et notamment le nord de la Californie sont aussi une région productrice d’olive et d’huile d’olive.",,Poux de tête ,
Sabal,"Plante médicinale utilisée principalement contre l’hyperplasie bénigne de la prostate, se présente souvent sous forme de comprimé ou de gouttes.",https://creapharma.ch/wp-content/uploads/2015/05/sabal-plante-creapharma-150x200.jpg,Prostate (hyperplasie bénigne de la prostate (hbp)) ,
Racine d’ortie,"Plante médicinale utilisée en usage interne contre l’hyperplasie bénigne de la prostate, se présente souvent sous forme de comprimés, capsules ou tisane.",https://creapharma.ch/wp-content/uploads/2015/05/ortie-racine-pm.jpg,Prostate (hyperplasie bénigne de la prostate (hbp)) ,
Cynhorodon,"Plante médicinale riche en vitamine C utilisée pour soigner et prévenir les refroidissements, se présente en général sous forme de tisanes (infusion).
Plante utilisée également en poudre pour soigner l’arthrose.",https://creapharma.ch/wp-content/uploads/2015/04/cynorrhodon-plante_202_177.jpg,Refroidissement ,
Sureau,"Plante médicinale utilisée surtout contre les refroidissements (fleur), la fièvre (fleur), la toux (fruits ou baies) ou le rhume (fleur). Le sureau se présente souvent sous forme de tisane ou en sirop.",,"Refroidissement , Rhume , Sinusite ",
Ibéris amer,Plante médicinale riche en principes amers indiquée surtout lors de reflux gastro-oesophagien. L’ibéris amer se présente surtout sous forme de médicaments prêts à l’emploi (ex. comprimé).,,Reflux gastro-œsophagien ,
Feuilles de framboisier,"Plante médicinale utilisée lors de problèmes digestifs et dans les trois derniers mois de la grossesse pour détendre l’utérus, se présente souvent sous forme de tisane.",https://creapharma.ch/wp-content/uploads/2015/05/framboises-pm.jpg,Règles douloureuses (dysménorrhée) ,
Feuille d’ortie,"Plante médicinale utilisée en usage interne comme diurétique, en usage externe comme astringent ou produit cosmétique, se présente souvent sous forme de tisane ou en solution.",https://creapharma.ch/wp-content/uploads/2015/05/ortie-def.jpg,Rhume des foins ,
Cumin noir,"Plante Médicinale utilisée contre les troubles digestifs mais aussi en médecine populaire contre de nombreuses autres affections, se présente souvent sous forme de graine (y compris farine) ou en huile essentielle.",https://creapharma.ch/wp-content/uploads/2015/05/nigelle-cultivee-pm.jpg,Rhume des foins ,
Petasites hybridus,"Plante médicinale ayant des effets antiallergique et spasmolytique, utilisée respectivement lors de rhume des foins ou de maux de ventre. En vente principalement sous forme de médicaments prêts à l’emploi.",https://www.creapharma.ch/wp-content/uploads/2015/05/petasites-hybridus-Fotolia_105435213_XS.jpg,Rhume des foins ,
Ronces,"Plante médicinale présentant un effet astringent indiquée de ce fait principalement pour soigner les diarrhées, se présente en général sous forme de tisane.",https://creapharma.ch/wp-content/uploads/2015/05/ronce-plante.jpg,Saignement de nez (épistaxis) ,
Reine des prés,"Plante médicinale anti-inflammatoire et antalgique, utilisée lors de maladies rhumatismales, se présente souvent sous forme de comprimés ou en gélules.",https://creapharma.ch/wp-content/uploads/2015/05/renedespres1.gif,Sciatique ,
Trèfle rouge,"Plante médicinale riche en pyhtoestrogènes utilisée contre les symptômes liés à la ménopause (des études cliniques sont encore nécessaires), se présente souvent sous forme de gélule.",https://creapharma.ch/wp-content/uploads/2015/05/trefle-rouge-leysin-pm1.jpg,Sécheresse vaginale ,
Gentiane,"Plante médicinale à l’effet amer et digestif utilisée lors de divers troubles digestifs, se présente en général sous forme de tisane.",https://creapharma.ch/wp-content/uploads/2015/05/gentiane-jaune_pm.jpg,Sinusite ,
Primevère,"Plante médicinale pour soigner la toux (action expectorante), se présente souvent sous forme de tisane.",https://creapharma.ch/wp-content/uploads/2015/05/primevere-pm1.jpg,Sinusite ,
Ananas,"Plante médicinale d’origine tropicale utilisée contre la cellulite, se présente souvent sous forme de capsules (gélules) ou jus.",,Surpoids & obésité ,
Konjac,"Plante médicinale originaire du Japon avec une action coupe-faim, se présente en général sous forme de gélule.",https://creapharma.ch/wp-content/uploads/2015/05/konjac-une.jpg,Surpoids & obésité ,
Olivier,"Plante médicinale utilisée contre l’hypertension et pour perdre du poids, se présente souvent sous forme de gélule.",https://creapharma.ch/wp-content/uploads/2015/05/olivier-arbre-pm.jpg,"Surpoids & obésité , Syncope ",
Orthosiphon,"Plante médicinale utilisée pour son effet diurétique entre autres lors d’infections des voies urinaires, se présente souvent sous forme de tisane, en capsules ou en gélules.",https://creapharma.ch/wp-content/uploads/2015/05/orthosiphon-1.jpg,Surpoids & obésité ,
Cimicufuga,"Plante médicinale indiquée pour diminuer les symptômes de la ménopause, notamment les bouffées de chaleur, se présente souvent sous forme de comprimés et en gélules standardisés.",https://creapharma.ch/wp-content/uploads/2015/04/cimicifuga-2016-plante.jpg,Syndrome prémenstruel ,
Actée à grappe,"Plante médicinale indiquée pour diminuer les symptômes de la ménopause, notamment les bouffées de chaleur, se présente souvent sous forme de comprimés et en gélules standardisés.",https://creapharma.ch/wp-content/uploads/2015/04/cimicifuga-2016-plante.jpg,Syndrome prémenstruel ,
Plantain,"Plante médicinale utilisée lors de toux et pour désinfecter les voies respiratoires, se présente souvent sous forme de tisane (infusion), capsule ou sirop.",https://creapharma.ch/wp-content/uploads/2015/05/plantago-lanceolata.gif,Toux ,
Fragon épineux,"Plante médicinale utilisée contre les troubles veineux (jambes lourdes), se présente souvent sous forme de capsule.",https://creapharma.ch/wp-content/uploads/2015/05/fregon_pm.jpg,Varices ,
Rue des jardins,"Plante médicinale qui augmente la résistance au niveau des vaisseaux sanguins et qui peut de ce fait être utilisé pour soigner les varices, se présente souvent sous forme de bain pieds, à utiliser seulement en usage externe.",,Varices ,
Gingko biloba,"Plante médicinale sensée améliorer les performances du cerveau comme la mémorisation et la vascularisation, mais plusieurs études se sont montrées critiques par rapport à son efficacité. Le ginkgo se présente souvent sous forme de gélules ou comprimés standardisés.",https://creapharma.ch/wp-content/uploads/2015/05/gingko_pm.jpg,Vertiges ,
Lin (sous forme d’huile),"Plante médicinale utilisée principalement comme laxatif en cas de constipation chronique, se présente souvent sous forme de graines.",https://creapharma.ch/wp-content/uploads/2015/05/lin-plante-pm.jpg,Yeux secs ,
